{"owner": "Ahmad Shalim", "data": [{"id": "373214696780971", "name": "PUBG MOBILE INDONESIA (Official Group Indonesia)"}, {"id": "706216186874804", "name": "youtuber mancing indonesia ( berbagi pengalaman youtuber pemula)"}, {"id": "255982081428970", "name": "Komunitas Mancing Mania Pinrang"}, {"id": "157419664941317", "name": "Busam Bubuhan Samarinda"}, {"id": "651509629073826", "name": "KOMUNITAS MANCING YOUTUBER INDONESIA"}, {"id": "646897705387213", "name": "Busam Samarinda"}, {"id": "bubuhansamarindakita", "name": "Bubuhan Samarinda"}, {"id": "2311264948913720", "name": "BUSAM (BUBUHAN SAMARINDA)"}, {"id": "132812943408246", "name": "PEMANCING MAKASSAR"}, {"id": "363132160947784", "name": "MANCING MANIA NUSANTARA"}, {"id": "113231035411421", "name": "IKLAN BISNIS SAMARINDA"}, {"id": "476586353074967", "name": "TNS PUBGM"}, {"id": "1652666401638914", "name": "Bubuhan Samarinda BUSAM"}, {"id": "GAMES.PS3.DOWNLOAD", "name": "OFFICIAL YBF STORE"}, {"id": "samarindakotatepian", "name": "Forum Jual Beli Samarinda"}, {"id": "1344491855645805", "name": "BUKA LAPAK SAMARINDA"}, {"id": "874608125986160", "name": "Busam Samarinda"}, {"id": "darkwebid", "name": "OFFICIAL SIXTEEN MARKET INDONESIA"}, {"id": "1307034432826871", "name": "komunitas mancing di rawa"}]}